{"cameraMode":{"drawMode":0,"name":"Shaded","section":"Shading Mode"},"sceneLighting":false,"audioPlay":false,"sceneViewState":{"showFog":true,"showMaterialUpdate":false,"showSkybox":false,"showFlares":true,"showImageEffects":true,"showParticleSystems":true},"in2DMode":false,"pivot":{"x":12.033824920654297,"y":1.8355000019073487,"z":12.008999824523926},"rotation":{"x":-0.12195093184709549,"y":0.8727614879608154,"z":-0.27890512347221377,"w":-0.3816133141517639},"size":6.527922630310059,"orthographic":false}