{"cameraMode":{"drawMode":0,"name":"Shaded","section":"Shading Mode"},"sceneLighting":false,"audioPlay":false,"sceneViewState":{"showFog":true,"showMaterialUpdate":false,"showSkybox":false,"showFlares":true,"showImageEffects":true,"showParticleSystems":true},"in2DMode":false,"pivot":{"x":0.3563499450683594,"y":-1.3630452156066895,"z":0.8055505752563477},"rotation":{"x":-0.12195093184709549,"y":0.8727614879608154,"z":-0.27890512347221377,"w":-0.3816133141517639},"size":48.586544036865237,"orthographic":false}