{"cameraMode":{"drawMode":0,"name":"Shaded","section":"Shading Mode"},"sceneLighting":false,"audioPlay":false,"sceneViewState":{"showFog":true,"showMaterialUpdate":false,"showSkybox":false,"showFlares":true,"showImageEffects":true,"showParticleSystems":true},"in2DMode":false,"pivot":{"x":-3.5675716400146486,"y":1.6516505479812623,"z":-0.24561864137649537},"rotation":{"x":-0.08950009196996689,"y":0.908865213394165,"z":-0.31528425216674807,"w":-0.25800445675849917},"size":3.007580518722534,"orthographic":false}